{
    "rmse": 0.6760932019221415,
    "mae": 0.5341327584139486,
    "r2": 0.2779939698541565
}