{
    "rmse": 0.6797475338006265,
    "mae": 0.5298404328151658,
    "r2": 0.21271645986022536
}