{
    "rmse": 0.7076218346157728,
    "mae": 0.5529002852239643,
    "r2": 0.2482609830448158
}